-2735474,173819
-4395081,112955
-7012264,47980
-1147956,242315
-6752800,52723
-1448509,228724
-6037780,67801
-3226163,154494
-7655998,37543
-1735445,215891
1899495,382123
-5170007,89715
-5907397,70845
-57719,292631
-4343632,114626
4172582,469891
-7212934,44548
2319852,400052
-27646,294067
2767270,418619
-602741,267351
-1510790,225897
1130421,348058
313074,310049
-5538353,79982
338557,311169
-2409548,187042
-2109869,199659
-2746827,173359
900950,337339
3620218,450805
-8728775,24358
-4334237,114937
-1634254,220313
-3960624,127716
-1237052,238203
-3385002,148310
825816,333871
-6707779,53617
1156416,349162
-1729007,216180
3243096,437073
1880445,381298
-917000,252790
5016411,496110
-2995188,163424
-1840641,211311
-4540959,108252
-4814840,99863
4827595,490558
-515976,271385
-6722541,53343
-3013477,162714
-6784217,52149
2079607,389918
-4193184,119639
-2236559,194323
-2412260,186928
-10150209,12867
-1804189,212902
1170409,349818
-9009902,21526
2200008,395040
1794613,377575
-516108,271379
-2473479,184418
2900420,423819
-1236428,238235
1798776,377772
-8078414,31792
424757,315189
3731413,454713
4798654,489693
-2847031,169354
-1865981,210177
-8768741,23933
1193559,350839
-3770470,134343
-8528253,26464
1998792,386497
-118021,289803
1447559,362182
2073864,389684
1644035,371009
-925135,252428
3816516,457679
-2709592,174856
1157312,349217
3333490,440420
4834935,490784
-6963161,48858
-14692967,999
-4381498,113397
4010704,464496
-321803,280309
-658250,264787
-1209607,239477
-2788962,171658
3253565,437440
-5531112,80157
1002381,342099
-2112515,199559
387347,313418
2418934,404310
-1942130,206877
-5861643,71967
542088,320602
-575548,268611
-4339089,114779
-5046705,93079
-1676866,218445
-1083715,245206
425905,315247
-531310,270682
-202395,285851
-1786237,213699
1415297,360747
-7597135,38366
1209777,351590
-496917,272276
-4973257,95231
-6005074,68548
-4646536,105005
-6170758,64663
3571993,449132
3211779,435915
-1189250,240402
1558947,367209
4116784,468068
-1271396,236692
1083634,345899
2418766,404303
3107309,431974
-1573018,223073
2393473,403161
-3661566,138205
3217700,436117
-4222231,118668
4528238,481317
195194,304547
-6347167,60851
-5041339,93235
-2746750,173361
-1892216,209096
1761671,376147
1208108,351514
-7350285,42264
-5673800,76558
-3189297,155877
-4763003,101380
-449380,274464
-466909,273650
-204850,285741
2722278,416775
-835367,256641
1007257,342336
312220,310011
4177800,470053
-4875426,98075
1815085,378483
521101,319657
4251806,472496
-1651838,219527
-5374305,84192
-748188,260639
-1784736,213765
-2494938,183549
-783172,259053
-1642173,219954
1095574,346427
4348808,475578
1126233,347864
-3088197,159807
2722877,416815
-5726409,75292
-6310205,61661
-125502,289445
-6923601,49617
-4821309,99665
-4285643,116520
4755941,488343
-3659590,138261
-1004845,248838
701045,328115
351651,311791
2716805,416566
-8984263,21770
-1233726,238378
-2776883,172144
2497732,407566
-1060534,246239
-392608,277100
-2714322,174671
-2195347,196093
4062973,466258
518285,319517
2755015,418098
2276031,398240
-5765541,74332
901652,337376
-1738197,215773
56927,297946
1187722,350581
-8380152,28115
-1613638,221271
-2979483,164011
-6617424,55350
-3544238,142482
3016240,428350
-2293278,191835
1688017,372947
-273327,282552
3859264,459256
1197954,351047
3202937,435570
1865090,380623
-2872171,168356
-12677587,3436
5019806,496193
-7756155,36075
-6160770,64896
-5462685,81933
2997226,427603
-4499446,109584
-6943451,49199
-2061967,201643
-4104867,122668
3086885,431136
-13022696,2819
122482,301050
-7236955,44137
-5405207,83349
-10307027,11962
-1516902,225629
2797468,419826
259332,307546
-177301,287054
-6028496,68011
-2513998,182777
-5759731,74482
-1228638,238588
-4948358,95945
-7565318,38875
4938721,493839
4539754,481703
-4284334,116558
-5689785,76175
-8669008,24976
-2041506,202514
-8529689,26448
2707703,416181
-1729022,216179
2707591,416174
-9634519,16258
-2116228,199412
2365727,401981
-5374122,84196
2086480,390207
337530,311119
-1828562,211858
-6261797,62717
1734922,374989
1173760,349957
-3333837,150280
4399531,477173
-592521,267841
-5435337,82595
4822575,490415
-3960422,127721
19415,296186
1123091,347715
-5146857,90347
-6957293,48961
462298,316901
-1751239,215223
1058838,344740
-7642956,37722
-2902774,167142
4825703,490504
-8776313,23856
-434728,275097
1298768,355546
5107399,498598
-6875394,50483
4394919,477024
-2021263,203404
1254609,353581
-6347260,60849
-6913336,49813
-4286343,116494
1631796,370428
2104327,390943
2992043,427397
-823750,257172
-101064,290595
-572796,268734
-22273,294288
-5567644,79231
-6982875,48504
-2916642,166582
-13972844,1616
-598704,267561
3952681,462525
-6497379,57781
-3652335,138546
-2837021,169725
167681,303275
138738,301854
-6761434,52546
1043459,344009
-3159613,157015
945898,339414
982301,341162
885007,336583
4267021,473008
1198074,351053
3614845,450617
-6726677,53245
-2090554,200498
259599,307555
-8633851,25341
-589113,267992
-15851369,443
2898512,423743
807397,333060
-1362723,232540
4968567,494673
-5993810,68823
-3667362,137997
5099838,498390
18444,296138
1021545,342979
571251,321936
-2251544,193678
-3075053,160324
-5598261,78432
-6687143,54017
284372,308757
-830743,256862
-2989166,163639
1743443,375367
2740647,417537
-10186299,12663
-8668586,24981
2262204,397651
92257,299610
-11590865,6194
2249372,397101
-10092523,13189
731538,329581
-7295493,43196
-2832877,169896
4527975,481311
-4720762,102673
172847,303532
3331562,440361
-4845018,98944
-3982221,126945
3512609,447028
1041071,343902
1371109,358803
1331490,357043
-2028061,203095
-2389650,187872
-1597957,221984
3471743,445500
-3039307,161669
-6229152,63405
-3572738,141418
-797142,258384
100004,299969
-2763954,172670
2156195,393181
2366429,402008
-5998679,68704
-3040095,161640
1254071,353553
-160242,287866
-5438027,82524
-640832,265576
-5425022,82856
1919935,383000
981860,341146
1809578,378249
-722773,261833
-8780602,23810
3322221,440039
-4584456,106906
-9849354,14735
-5492012,81174
-1369783,232218
-2601931,179293
-2004842,204097
-3028385,162131
-1609412,221475
1882047,381374
-876929,254702
575676,322161
4185644,470307
-6032631,67906
-1771661,214328
-1388673,231373
-1503371,226226
4913651,493095
2377833,402473
-3729804,135809
-9593518,16558
-2472086,184490
2546476,409593
3574597,449218
-2773080,172287
-1995620,204509
-696953,263003
-6149567,65183
4483821,479893
-4361948,114025
-8350358,28476
3071686,430534
2837115,421385
-3306200,151385
-2717337,174551
5110306,498677
-1569359,223228
-3252088,153500
4965253,494591
-1152060,242142
3910041,461042
1120198,347592
3845536,458792
-2957021,164907
4207772,471020
2901828,423875
-2485794,183919
-5168638,89736
2387643,402895
1373811,358938
123854,301130
-3309385,151241
-1215001,239236
3640884,451580
767588,331201
1106029,346961
-5197484,88954
-5853097,72183
-1092485,244856
2577468,410946
-3542546,142544
-1539128,224598
-64803,292292
2918938,424542
4055564,466019
184926,304091
-2142750,198315
1482976,363758
1289611,355133
-4689186,103686
4214779,471253
-1404212,230707
-1241042,238023
-11298886,7224
-3951656,128043
-211136,285476
-2203440,195749
-4115594,122299
1007691,342369
4669132,485724
3564318,448859
-9018621,21429
2273517,398131
-1544549,224359
-385515,277419
1760805,376107
-3750767,135051
-1172236,241219
4748839,488128
-2414613,186839
3091038,431342
-2075452,201114
-2533537,182002
-6432761,59083
-5064307,92606
-1337843,233685
944068,339339
1582331,368232
-8445354,27352
34121,296848
-595245,267720
-4992180,94675
2029200,387780
80527,299052
1830214,379148
-2404001,187281
-3106384,159102
-6136061,65501
-9071284,20937
390164,313546
-5835969,72596
2811674,420385
2875671,422857
-14612,294635
-6335844,61098
4547598,481954
441707,315985
2745656,417736
1607387,369338
175766,303679
868415,335775
-1729321,216162
-2617523,178653
134251,301634
156856,302764
1153504,349032
-10881039,8930
2126160,391892
2610862,412333
-13479585,2184
516909,319458
4482273,479844
1191648,350745
-5891246,71261
-1813676,212482
3042984,429404
-1511140,225884
-677657,263901
-5076544,92247
-1527745,225106
-3047670,161360
-7751397,36139
-4586611,106844
-1739720,215720
-776731,259326
3641712,451607
4161711,469520
-2148350,198094
5090777,498131
-571224,268798
-2729590,174086
-1460314,228194
5052182,497053
3938725,462047
-5405702,83335
1832866,379255
-6466641,58395
-8091573,31602
-7083756,46725
-3050167,161242
-6603361,55604
1389020,359623
-8508529,26680
206158,305058
2984324,427126
2333739,400646
3428261,443916
-8995575,21661
4504993,480560
-2088711,200588
-393241,277070
-2575684,180293
-5729381,75220
-2882730,167931
-1203219,239769
2117430,391484
-2715502,174626
4457323,479066
-5633802,77558
-3625969,139524
1211471,351677
-265240,282930
-8963240,21964
-7025227,47757
-2621678,178479
-2734844,173852
1512353,365099
-1831734,211726
-2905865,167006
-1185312,240593
-3635041,139178
-2577818,180214
-3426677,146811
-2025624,203203
2597760,411805
1943670,384072
-3661183,138213
-108385,290257
-1455972,228393
-3786649,133764
-6709246,53580
-3472478,145165
5045360,496868
2304081,399440
-2178834,196784
-2281257,192372
-6597087,55722
1027573,343284
-11070126,8125
-387593,277331
-1256011,237367
775889,331564
-3050730,161222
46243,297438
-4721358,102650
-3077203,160235
-571825,268775
4497718,480331
-3874550,130670
2496255,407511
-5496114,81076
4299892,474008
-2129404,198867
-5925130,70418
4089331,467172
3535920,447877
-6150310,65170
4903660,492841
-2086148,200690
1729541,374761
1131131,348092
-1969727,205615
3659626,452232
-4138891,121530
-5806981,73305
-1483847,227124
1538665,366252
2265999,397804
832046,334157
-1045517,246935
1433976,361595
-8462748,27168
2637892,413395
-536932,270405
4916036,493161
-12462435,3920
2734454,417292
2225175,396077
-7355847,42170
-5657963,76956
-5150310,90227
1785024,377162
-6205290,63918
234642,306365
3823487,457937
3981384,463535
-3452475,145896
1043140,343994
2409422,403881
3068148,430386
-8014659,32612
-1895148,208964
3281573,438511
-1963071,205910
-2498615,183400
-2564000,180743
-8846587,23106
-21313,294327
-1472453,227626
624827,324438
5021902,496236
943781,339327
-6823568,51402
-4584736,106904
1564131,367445
-5396746,83583
2543760,409473
-8724725,24408
-37125,293605
-6981113,48534
1916789,382859
-1817541,212306
-1586891,222462
-2961316,164737
3368528,441689
-899578,253630
-612217,266925
3913941,461156
1278502,354663
2083265,390077
2470378,406445
-3926848,128850
2595886,411709
1807660,378148
-5638814,77427
-5479128,81523
-1685409,218087
-2987577,163711
-3123886,158425
3354419,441179
-272630,282576
4690723,486367
-2414511,186848
3390330,442537
1903113,382287
-2068199,201404
-567812,268992
-6828375,51305
-6539046,56948
892621,336950
2657884,414179
4618274,484181
3162225,434056
2161802,393417
2796067,419771
1833249,379279
-3081319,160072
2112669,391275
-2295106,191751
-194325,286227
4515535,480899
2473196,406568
2013731,387127
3964126,462929
-4278086,116785
-1701005,217367
-9709293,15732
-4920972,96742
-2209271,195522
-9774061,15252
-1245466,237829
3186638,434906
-956656,251034
-4481135,110146
-304133,281119
1892671,381828
-5007645,94206
-902124,253511
-2399898,187452
-1498530,226468
-2768893,172472
-620585,266540
-5900087,71039
4065189,466330
-3439756,146335
708697,328465
-6168303,64724
-7902184,34074
-1045921,246919
1501687,364610
4046966,465742
-8633197,25347
-4401248,112750
-4329742,115083
-3705986,136628
4241849,472143
-316725,280545
-3009722,162862
3135602,433050
3421625,443686
-1515277,225714
-4448696,111226
-2220051,195077
1644276,371024
-1547684,224223
-5702622,75875
-410448,276255
4945591,494046
-3108116,159024
1900512,382173
687896,327451
2484889,407042
-5602059,78350
-3633283,139242
-9153532,20198
-2567281,180604
-7662480,37437
464674,317001
-4240820,118059
3266184,437932
4207568,471009
1693436,373180
-4726617,102490
-1846207,211058
-3819236,132632
793519,332388
1533024,366010
-531352,270677
-4444583,111352
-3286866,152149
-3951185,128062
-11351708,7024
-67486,292182
2475883,406672
-6166210,64773
-11183225,7681
-4253726,117627
-3112354,158867
-7557034,39004
-2644655,177537
3955456,462632
-4328493,115122
1030242,343407
-2284105,192240
4347115,475529
1351678,357941
2519225,408476
-4920034,96769
-6752652,52727
-11224867,7510
-4674767,104131
2473456,406576
87105,299362
3441472,444421
1647760,371174
-11570931,6263
-7815884,35263
3112395,432187
2477043,406707
88208,299407
-2342845,189779
1565189,367489
-1645162,219815
-1749334,215309
-10036522,13530
5025835,496337
1854148,380195
2535268,409120
-2313344,190969
-1249521,237668
-1705320,217173
1020398,342939
-2415098,186812
-4825605,99538
-1251803,237573
4275921,473289
1177996,350147
-7044454,47395
473317,317391
1663935,371902
2451467,405619
-1906985,208429
-5426057,82827
3528471,447614
-2466879,184709
-4743069,101989
-3482618,144730
-5054457,92872
231622,306229
-744993,260779
2398666,403393
-9750786,15421
-3230063,154357
-2313782,190956
-1369528,232230
-1463554,228062
-1525533,225219
-1321685,234399
-8723578,24414
-4820599,99685
-5227500,88159
2190775,394615
-2868719,168493
4996429,495508
-7027815,47716
-1287553,235981
1619713,369910
-2970954,164342
-2807560,170909
-4955971,95723
1821354,378762
4910532,493018
2211795,395538
-3491232,144428
3021375,428535
1966858,385064
1136637,348339
-2308712,191159
3434274,444156
1013232,342611
-2776742,172150
3322741,440058
-1762801,214692
2942892,425478
3707955,453942
-945311,251518
-4574107,107223
-5092936,91785
2715866,416523
-10899197,8841
2391297,403049
-2517243,182649
-3530791,142952
1557411,367135
-4600137,106430
4900560,492758
-3347698,149718
-6192659,64199
-4446461,111295
389097,313499
487786,318076
-3693409,137055
-4818340,99761
-529678,270763
-1577460,222886
-5912635,70706
953245,339749
3326877,440212
-8420468,27643
4046554,465728
-10267515,12167
-3296694,151763
-5697670,75986
-1120879,243559
-12176488,4569
-1581456,222701
102482,300091
-7043012,47416
-5618945,77913
1296549,355449
455364,316596
-450635,274414
4471740,479513
-591247,267903
961121,340156
-985858,249712
2018797,387332
1267033,354173
4076998,466756
1951366,384396
-5520263,80434
909077,337713
-2200376,195874
641062,325223
-5211822,88562
-369857,278115
-1221691,238936
-2843413,169488
-3580968,141135
-2553418,181185
1263406,354000
-3302236,151526
3915055,461198
3417693,443545
1074163,345459
2454642,405747
3401034,442947
3624614,450969
4133810,468591
2365547,401975
-4418595,112216
-9233959,19445
1786935,377252
4678348,486003
-2231775,194537
-9408880,17986
3026438,428750
-1424121,229794
3248517,437268
2484653,407030
-599983,267490
-41923,293372
-3270220,152802
4632004,484600
-5037770,93333
-7601954,38309
-5530473,80175
-927363,252335
455497,316603
-7193523,44879
-3982877,126918
-4581513,106993
-1418471,230071
-1722110,216460
-1421637,229915
-1388720,231370
-519823,271216
2036364,388093
4483714,479890
-5820528,72961
2810661,420333
-8880901,22769
-4746408,101886
-6364696,60500
5104646,498535
-8047271,32195
777505,331635
843935,334703
2389965,402986
-2821986,170330
86084,299313
1778904,376891
-2969057,164404
-1345140,233340
798328,332598
-10338408,11764
1802745,377932
1328734,356919
-4129398,121829
-2695907,175444
3122771,432559
-5030982,93534
-257223,283312
3982473,463577
-12918684,3001
-115588,289920
-1998679,204369
-2112817,199544
-7577845,38678
9045,295729
3875049,459837
-8240317,29779
-2038297,202644
2443980,405324
4209002,471059
-111177,290118
-2186236,196465
-9754751,15386
-2070922,201299
-440669,274839
-535039,270495
4885728,492343
2214963,395665
3244175,437111
-355524,278735
1553586,366938
-1915280,208052
-5916474,70578
-767715,259715
2840822,421515
-5014739,94011
-702079,262769
-8987911,21737
-4358340,114151
2807526,420216
-2750286,173213
-3932844,128649
-6864143,50677
-8058925,32050
3105711,431914
-3483715,144684
1625950,370171
-3907195,129505
2916803,424453
-5477427,81559
1463050,362867
-1813425,212489
-1118846,243656
3421677,443687
4611175,483942
831314,334116
-2236319,194338
-2675328,176198
2139189,392444
-1499459,226423
-7343598,42366
-869726,255070
1239179,352906
-4186068,119891
-1368323,232277
-6454178,58630
552745,321084
4895212,492617
4542182,481781
-1417046,230129
3645746,451755
3414437,443419
-8911990,22474
-1546772,224262
-2324615,190491
3862513,459381
3355057,441206
-4825300,99541
-4120320,122163
-972923,250317
-3320563,150799
812384,333302
984527,341257
-8201301,30213
2909411,424173
-11217415,7542
-2397464,187547
-969882,250451
-4502549,109491
3269163,438021
161885,303002
-1974182,205433
2333954,400652
3510835,446966
-7106749,46340
-5726247,75299
983777,341222
277596,308436
-7553450,39058
-982133,249898
-370845,278075
-2657059,176994
344776,311467
-7000296,48186
-2372473,188593
-2060169,201696
-4711455,102950
4970982,494732
3737373,454933
-4284346,116556
-2872983,168330
-12437329,3983
-7735175,36409
4789156,489411
-11368759,6966
-3273382,152683
5000023,495621
-69041,292099
4595382,483448
-6284118,62223
4719275,487268
-5504313,80849
3376609,441996
-3154332,157228
1139675,348465
-1077847,245448
4285143,473572
3344004,440804
-8551576,26215
-5095403,91715
-710068,262432
-796454,258423
-10590827,10329
-4895838,97472
-7177390,45176
-329846,279936
284641,308777
-1107274,244202
2610221,412305
2350335,401353
-1211010,239418
-5307709,85980
3929904,461737
-4884552,97805
648021,325579
-7975524,33079
-2346335,189619
-3180299,156246
-4434336,111694
3309685,439566
-1167274,241438
2062783,389219
-253068,283541
-1307429,235092
2551749,409832
-6336134,61094
4647457,485083
384618,313287
2268964,397941
381321,313144
-5135929,90623
-1434889,229319
-108905,290230
-1330219,234016
3808142,457420
1058084,344707
2757737,418221
-2479073,184201
-2624746,178358
-2735012,173842
1114005,347308
3476483,445667
-3947171,128204
2711650,416360
-8946527,22142
-6439134,58963
-835986,256611
5149575,499773
2719863,416685
1363204,358456
3398133,442838
1156324,349158
3304074,439358
2881813,423105
-2596389,179475
1998282,386476
4381395,476589
-4836487,99206
-4726504,102492
-669764,264262
4263208,472870
2422572,404453
-4431955,111776
-7922481,33806
1225579,352307
4058318,466107
-5132576,90702
-243836,283954
4171124,469838
-15280023,657
-482722,272936
-404939,276502
-4995615,94584
2641553,413558
129327,301388
-5819115,73002
-2316962,190823
-1167661,241417
-2447308,185532
-2573308,180380
1571180,367739
-3364200,149112
2762052,418405
-1230291,238520
3017548,428391
4295294,473864
4334661,475121
-9768326,15285
-6976576,48626
-5720907,75450
3720880,454337
959406,340061
4946360,494064
676189,326903
3252786,437408
-5137520,90587
-3625798,139528
-2031821,202944
3064726,430267
-3491371,144424
3694396,453472
4162415,469547
-3978057,127102
-9342531,18552
1288453,355068
3404913,443080
-2025875,203193
-7148692,45634
-6726525,53250
-7751884,36129
942898,339275
2900030,423801
786314,332032
2822020,420777
3073305,430609
-1005502,248815
1110437,347154
470353,317249
1350390,357883
2496814,407531
-79521,291605
3154937,433778
-665570,264472
4088831,467155
-2763467,172693
2948980,425747
4799331,489724
-5694666,76063
-3662512,138167
-3059076,160922
-3094143,159587
-1169206,241350
-10743193,9548
-1850462,210864
4433950,478313
1800608,377840
-4744191,101957
-5940152,70069
-2512281,182841
-2893212,167521
-3683411,137414
2039107,388206
-3374701,148751
-6580556,56056
-355501,278738
917521,338132
122328,301041
4353660,475723
-10419112,11276
2585799,411261
1793531,377527
-766302,259791
-1941523,206902
4040466,465505
-3901543,129708
-13598521,2042
-2513588,182792
1599081,368945
-3842950,131789
-329185,279962
-6226338,63465
-407279,276408
-5272578,86938
-2526872,182259
-2155499,197798
-2107050,199783
4451018,478861
-531396,270674
1826252,378987
980470,341082
-5441485,82437
-1628382,220576
-492126,272506
-470771,273489
-3644090,138827
2436080,405008
-522035,271090
-322846,280268
2192345,394677
-5127383,90872
-6245832,63051
1155166,349105
1338401,357350
-4210076,119084
4308639,474271
-4720285,102691
-7256303,43836
-148958,288415
268203,307971
1297826,355505
-272712,282573
-715909,262160
2879776,423030
-8307144,29009
117978,300819
-2451842,185330
-3609477,140115
2749413,417902
-2614758,178755
-4699541,103352
-7569101,38817
-4746067,101900
-1487197,226993
2316052,399902
-617879,266663
-449951,274446
1456338,362567
-1268197,236846
1746076,375457
2877384,422934
438921,315853
-13073447,2753
3537959,447945
-1273188,236602
3262755,437815
4820957,490366
1607236,369326
-4062685,124154
-1717691,216680
-6965161,48820
-1590903,222287
-88005,291214
2485844,407089
-1832818,211678
3754384,455526
-4796968,100411
-4045492,124742
4116217,468042
-4376806,113562
-550203,269795
-100916,290600
1395424,359884
-8234065,29841
-2803878,171060
-5673004,76578
1897622,382040
1612744,369598
655253,325916
-2439007,185877
326892,310640
-5194855,89025
4673433,485834
-793205,258569
226348,306009
3943198,462188
-2785663,171790
-1673436,218606
-4097414,122905
-3575176,141331
-9801215,15067
-8312220,28956
3397022,442797
-7749481,36165
-6343200,60950
-6138557,65445
4601980,483660
-3010925,162807
-119479,289729
726779,329332
4484170,479907
-418148,275885
-1332257,233922
-2535735,181906
3552731,448456
3577414,449309
-9284330,19033
2462889,406107
-349523,279023
-5804808,73352
1449020,362247
3323888,440097
-34813,293720
-3989206,126721
-11987698,5066
-10303036,11976
3542154,448102
-6117392,65921
4518715,480996
2421226,404403
4970840,494726
-1528659,225061
-1022442,248016
-2910995,166815
-1100951,244476
3772222,456166
2464312,406173
-4953609,95790
970547,340611
-6506225,57581
-5660540,76879
-3880163,130464
-1239245,238107
53675,297803
-4123843,122035
-3384581,148324
2452107,405646
4658729,485406
1647401,371151
1762064,376163
-253550,283512
-3189981,155850
-608424,267106
4436769,478406
-1291835,235797
1629504,370325
-4886112,97762
827270,333939
-4948024,95959
-2527101,182248
-11582002,6222
-852192,255877
-4946891,95986
-5196398,88982
-6116880,65924
2249487,397104
-6664616,54467
-585663,268152
584101,322572
1511010,365040
-7786430,35656
-1468746,227819
440649,315937
-3708884,136526
-6257609,62799
-2904254,167084
1076625,345571
-1871884,209943
-5055932,92826
1233363,352663
1482884,363749
-6140737,65391
-3769994,134361
2173117,393898
-780804,259160
-2254131,193561
-7480662,40220
421760,315048
-9277173,19098
1499782,364519
1932548,383593
5149973,499784
3198694,435392
-2193894,196156
384913,313299
-2220239,195064
1529878,365875
-239024,284186
-2755872,172975
-6497165,57784
759548,330865
1023101,343061
6185,295597
-1886457,209324
-3000107,163231
1734735,374982
-13217014,2535
-1452811,228519
295650,309258
-5757206,74534
-14824672,919
-1746720,215419
1167155,349670
-3029196,162081
-5996603,68754
831198,334110
-3889067,130137
1991806,386218
-7145204,45689
-9796497,15103
-1001571,248990
-5019475,93895
-1833588,211644
-2374613,188505
-6293278,62038
5143647,499602
2456916,405837
-4469502,110548
3743540,455135
-425580,275542
4818770,490288
-9748519,15444
4884644,492300
-1457101,228347
-5831347,72700
-411024,276220
-627146,266231
-11203951,7609
-629764,266109
3395133,442722
-483257,272907
-4953849,95783
-6857856,50789
-2816551,170553
-6226340,63464
2226594,396138
-4990383,94737
670419,326630
798435,332602
-1855320,210662
-5078812,92180
1274096,354465
-1469467,227777
-3090419,159724
-5009407,94150
-7055757,47210
-5266096,87131
-7923945,33783
3586963,449643
-1659469,219216
-2639650,177726
-9627001,16321
-3943800,128306
-273496,282543
-4769260,101202
-9097593,20695
2850983,421895
-2106850,199790
-4248232,117809
-4049834,124578
-809813,257818
-13306143,2414
-124535,289482
-627882,266189
-2235711,194365
426580,315281
-4108404,122559
-696531,263025
-6977334,48609
-11358704,6994
-271474,282633
-849466,256008
2186360,394429
2207586,395350
-5414431,83113
-12570595,3666
1411618,360587
2142062,392575
-1614061,221245
687538,327430
-426751,275486
884536,336563
4598389,483539
-4535731,108426
-397354,276867
4683253,486155
-6910786,49861
4789318,489415
-5700862,75913
-226405,284756
-2626176,178271
-3590768,140778
4535010,481538
-2663103,176733
4602110,483665
45924,297420
-1165750,241500
-103430,290480
2132735,392174
-4219397,118757
-4011465,125913
3491254,446240
-4255423,117576
2560788,410226
-269475,282719
-1071640,245750
2453553,405707
-544003,270063
-6115469,65955
4967271,494634
-314957,280625
-3046628,161404
5046201,496892
670128,326610
-1177221,241004
2416543,404195
2844389,421664
-2936613,165742
-5241968,87788
-9808641,15009
4345960,475502
1242019,353036
-4355949,114231
-1852132,210814
5109682,498659
1017304,342794
-3615752,139873
128461,301348
-7018950,47869
-2245297,193953
-53341,292819
4139739,468781
-697909,262961
-2820807,170391
533829,320244
781704,331822
3649215,451886
-8960712,21988
-10719834,9651
-3645563,138765
-5616143,77974
-1912647,208167
4174666,469965
-1540145,224542
2284847,398634
-6715547,53464
-6161409,64876
-12722237,3349
506947,319001
-3378545,148591
1599400,368960
1925890,383253
-5228422,88131
1878576,381215
-829446,256923
-1392994,231190
1589174,368521
-1798134,213178
1036336,343674
4411011,477571
-7786914,35649
163204,303067
-7578110,38675
-2793448,171464
5141424,499541
-2759518,172841
-4578103,107092
-11584844,6210
-1463810,228048
3568090,448994
-5153853,90131
3912614,461117
-192826,286293
-55166,292738
798491,332605
-4415235,112329
-1536265,224731
-1811564,212567
-1748480,215347
-3897865,129828
834231,334269
-785484,258953
-1959523,206070
4797457,489656
2029120,387774
-1719700,216574
1976059,385476
-632447,265976
-8840271,23174
-5051648,92956
-1445606,228851
-1009778,248613
2183670,394315
1810464,378281
168906,303337
73757,298737
2006016,386795
-5428074,82779
2890378,423439
4586376,483194
-1953577,206358
-3158218,157069
3250792,437344
-5214473,88495
1406741,360367
-3050177,161241
-4991128,94719
-1896379,208906
4623329,484346
4639217,484826
2521969,408577
-186334,286601
-2358928,189141
-1579535,222797
4047709,465762
-5775042,74086
-14428751,1226
-7498715,39920
3228605,436529
-2605323,179167
-10429450,11231
-2291664,191911
-4914656,96926
-5055557,92837
-4335835,114881
-762045,259974
-8496205,26808
-8330824,28718
-6879822,50403
-4351979,114365
-916577,252809
1150904,348910
-5960058,69579
-1713586,216844
1130149,348040
4242436,472166
-1458074,228308
-4876916,98033
-899075,253652
1839624,379574
-670500,264231
-12704642,3382
4497876,480341
4585681,483169
1951632,384403
-1203348,239760
-1355084,232868
-3681173,137492
3485316,446002
-4783344,100797
-2027936,203102
3510419,446952
-1709643,216998
5066006,497441
-3036077,161803
-2926874,166161
-11043634,8235
-8916703,22419
3755453,455565
-797498,258365
-1492032,226774
-1316951,234638
3596864,449978
703123,328215
-6138842,65437
2493293,407393
-6554517,56601
-3785460,133796
-860236,255503
1623265,370061
-578418,268481
-8191625,30325
-4600403,106423
-216832,285211
-1568749,223259
-1948896,206567
-1404999,230676
-4005465,126134
661940,326232
-383665,277509
-5113716,91235
3778708,456408
-5200348,88873
1355575,358125
1290842,355188
-3862536,131070
1065983,345052
-3936506,128535
-1959143,206092
4851270,491306
-9889084,14479
753014,330556
-5409650,83232
-12335479,4206
-1337299,233710
-1406748,230586
739254,329915
-10167310,12772
-3274280,152639
1753366,375781
2120294,391629
-3339728,150039
2019977,387384
-3393590,147998
1892674,381829
3496899,446461
-1551897,224037
-5400186,83493
-2272445,192765
-865641,255249
-1117950,243705
-573161,268715
-6774976,52314
4089332,467173
-4773687,101082
4271463,473146
3802530,457245
-684524,263590
-7088927,46648
2452217,405653
-5439860,82481
8063,295674
559041,321372
-727719,261613
452593,316474
2639240,413458
-2383668,188128
-4603037,106330
-4196917,119524
46140,297433
-1085154,245139
4485389,479948
1656084,371542
-4318383,115433
-12985612,2877
-5909303,70792
4085425,467045
345166,311485
-872745,254929
2615670,412506
4361453,475970
-1788603,213595
491997,318281
-1512927,225807
-2119462,199288
-5425560,82841
-1956920,206196
-1708980,217023
4731218,487630
-1692398,217776
-1590441,222308
2080298,389950
-3006743,162980
-7392631,41601
-9761064,15337
755594,330672
2370135,402172
3152560,433694
3859600,459272
790946,332253
389911,313535
-1450963,228605
-2702586,175153
-3512651,143610
-729642,261511
-1445881,228839
4219244,471407
2679153,415022
3127807,432755
-11941793,5197
-3984306,126862
-2056199,201862
-7172839,45250
-85956,291301
-9344557,18531
-3510906,143667
971643,340663
-5541675,79898
-5342249,85045
-250525,283652
-5506316,80804
-3338493,150096
-3640856,138972
-1262395,237117
2460794,406028
1056688,344636
-219705,285064
1971975,385288
1434431,361618
-657537,264818
3309098,439543
4672309,485808
171551,303470
-5683261,76317
-6667915,54396
4421451,477915
-3984273,126866
-8595012,25764
152610,302552
3132961,432953
-5403443,83409
-2284175,192233
1670292,372185
-1280002,236312
292245,309104
-2226622,194779
-6668753,54378
-6742260,52939
-4326805,115175
919827,338249
1006640,342315
-11074925,8111
-574657,268656
829785,334042
-1523589,225298
-5374153,84195
-6225830,63473
-4986284,94846
-4707612,103068
-462949,273839
-5446042,82345
-5574850,79051
-3445697,146129
-7115801,46213
-5047757,93057
-7889047,34257
3023973,428661
-3295756,151798
236238,306447
-1090482,244923
-12635828,3529
1382964,359353
-1212892,239342
-811191,257756
2047332,388551
351385,311777
-7934799,33636
-1542938,224433
3700628,453688
-1716108,216732
-6135170,65523
428918,315400
1199925,351141
-1365848,232389
-5290657,86430
3960272,462794
-6161847,64868
-185429,286648
1189268,350650
-5594597,78523
276749,308391
2634632,413279
2271015,398034
-1498980,226450
1948836,384264
-3191176,155807
-11461398,6655
3882608,460104
-1545986,224303
-2877154,168162
-8165492,30651
-311400,280795
2928089,424890
1758112,375980
16443,296046
-6268265,62562
-5532220,80127
2689205,415425
-1638266,220130
4780062,489109
-2176206,196884
-5964748,69471
2517096,408386
-5519222,80466
-3680035,137524
-2465708,184766
2198997,394984
-3049104,161303
-5319168,85665
4074991,466688
-14495177,1158
-4999041,94486
-8551024,26220
-5351828,84769
-361494,278488
4476672,479662
-2469306,184605
-3410741,147396
-1353030,232958
-2306141,191265
-2285701,192164
-912608,253016
-620006,266570
5077954,497754
3005343,427940
-43743,293281
-1439136,229128
432393,315553
-1577179,222896
2719439,416663
-11827008,5518
462317,316902
2800388,419950
3669619,452574
-654842,264941
-1181715,240774
-5213980,88506
221754,305777
162899,303052
-3772417,134266
3597997,450019
-4714387,102862
-276463,282406
-113429,290017
-8018890,32568
599430,323262
1813545,378403
4006156,464336
-1521138,225422
4029639,465121
-7035435,47565
-7105143,46373
2882706,423140
1901118,382198
-4987425,94822
-491959,272516
-11299169,7221
-4411941,112434
-1330998,233979
-1840860,211301
-3455886,145768
617452,324102
2673691,414816
-825593,257100
3800806,457192
-6747788,52822
-7790652,35604
3857580,459207
2362550,401869
-1062871,246158
-1053600,246558
473584,317404
4375487,476412
-9173201,20034
2577283,410940
-5903775,70944
2050342,388680
-3937465,128510
3149228,433563
-12894796,3044
-4674742,104133
-392075,277127
4799106,489713
1026092,343212
-4035236,125098
-3005586,163016
2218777,395825
-845914,256156
1345843,357686
-4525527,108724
1700928,373527
-1376033,231942
-3284816,152215
-1195061,240125
-1844157,211153
-5896623,71118
-2704065,175087
1145266,348686
5132853,499308
2366996,402032
3464009,445225
-3764843,134563
-1790729,213517
-1298393,235504
-9329783,18654
-2925734,166204
1452068,362379
-4836666,99201
2190357,394600
-6829611,51281
828437,333992
3550860,448387
3393379,442650
4129662,468474
-4879967,97948
-378458,277727
4495170,480247
4054986,466002
-1750392,215259
4074325,466663
-9520561,17129
-2583047,180002
489052,318134
-4560265,107644
749538,330413
2189245,394556
-4044930,124759
1797191,377691
-1632880,220372
570470,321896
2301279,399325
-3977926,127109
-3990566,126674
-7228284,44290
-3626296,139513
-3369078,148931
-16088750,382
4731822,487646
-4634295,105397
-716717,262119
768297,331232
-11145140,7823
-2866524,168580
252888,307242
-1577892,222868
-479925,273060
-1119739,243615
-2380172,188288
835443,334341
-7871227,34510
674663,326827
2529321,408876
-2126646,198982
336028,311049
-2203960,195727
-2683314,175899
-739928,261016
-3573047,141408
632010,324806
4087604,467107
-1403230,230751
-7587201,38521
2980584,426971
-4662726,104505
-2118365,199336
-7801351,35453
820495,333651
44381,297354
-2386502,188021
-182668,286775
-2959183,164821
3553939,448499
921722,338343
547357,320842
-4889390,97666
3023720,428652
-6644665,54845
-6042496,67684
3694560,453477
5040843,496734
-3344121,149847
-4240104,118082
-589335,267986
-8373899,28191
-3314126,151063
3511030,446974
-4556030,107768
4916848,493187
-5265862,87138
-3886857,130217
3512370,447015
2288665,398810
-3382655,148402
1566107,367528
2832224,421179
3534157,447817
1720629,374384
-1888892,209236
3655398,452085
-2116273,199408
3853221,459046
687387,327418
4764325,488601
2811038,420360
-4611532,106077
-4297625,116128
-9567963,16741
-943747,251604
425730,315238
2535061,409111
-2154835,197825
-1345018,233346
-7880813,34364
-2758784,172867
-6800881,51837
-199620,285967
-8112358,31331
2281,295411
-1963499,205891
-6742010,52947
-10509783,10784
-7985297,32964
-2765618,172595
-3131109,158155
-7861443,34663
-2067686,201431
481319,317772
-4602044,106368
3092151,431397
-1490004,226873
-2590473,179728
4157855,469372
4928104,493522
-408394,276361
1423623,361146
3155049,433780
-2278660,192485
-4253561,117637
-1245006,237857
-5718420,75495
2381673,402641
2352883,401463
1638361,370732
-5635021,77520
-4321057,115338
-5376561,84128
4866601,491748
-2923309,166295
-6137938,65464
1724623,374559
1604052,369169
2301866,399350
-332162,279836
-364831,278334
199687,304773
903685,337464
-3604291,140289
-4130887,121775
-4360103,114083
-631174,266036
-2193080,196183
1559828,367245
2557496,410083
-1839699,211355
374276,312818
912770,337892
2703757,416018
3167321,434248
-1597613,221999
-5102772,91498
4738561,487832
-368722,278156
-16462935,307
1755840,375879
885127,336591
-184207,286704
-4985082,94875
-5446918,82324
-3634502,139198
-7337840,42456
-1171773,241232
-6409632,59543
4857838,491492
1121688,347658
1928990,383421
3641438,451597
4411665,477602
-7734979,36412
-7262792,43734
-2579394,180143
-9365714,18363
4783747,489241
-2574033,180357
-6115023,65962
2643414,413635
751722,330503
666915,326466
4051387,465877
-2689938,175660
2484850,407040
980291,341076
175834,303683
-287926,281855
2582924,411152
-1388312,231385
1153719,349044
-3891690,130056
-4142012,121408
-3760097,134710
293355,309157
-121441,289633
-8780345,23815
912886,337902
-4028309,125327
-2478157,184240
995964,341792
-9131360,20385
-3576066,141294
-2041109,202528
3887406,460282
3392875,442629
582153,322494
-359194,278574
-7102606,46404
-610905,266985
-3332371,150337
-7788944,35630
-919483,252682
1468070,363102
-983905,249814
-1309330,235013
-3208914,155121
-9418654,17902
-1720469,216531
-4867690,98304
2793342,419660
750090,330439
-2556960,181030
-4022730,125516
-2701794,175190
-2699389,175300
2322914,400181
-2135258,198619
-7342139,42384
-2854087,169063
1905988,382393
-478293,273131
-1127616,243240
-3536913,142750
-1975463,205368
-2114490,199474
1876337,381121
2814487,420493
1384140,359409
-10849951,9076
4728958,487555
3540285,448028
-8549542,26239
-2328623,190364
-3428085,146759
2579082,411003
-2185630,196486
2991142,427370
497467,318546
-1361045,232606
-1313297,234820
-6509566,57518
-3307976,151311
305152,309700
-539241,270292
-6865995,50642
-1373000,232076
-4753627,101674
3525942,447525
-1086725,245072
-9540663,16965
1504033,364721
-811396,257747
-4577720,107109
2599153,411869
-6758125,52618
-2805357,170999
4854781,491406
3456312,444948
837358,334422
2266660,397837
-8125194,31165
-1539770,224563
-3794613,133469
-1468373,227840
242449,306743
-4379398,113465
-2676217,176155
-7489293,40071
-652622,265034
4228824,471719
-1675834,218494
-6649648,54744
-5012518,94069
-7764154,35967
-7741981,36289
-3028618,162115
436101,315731
4493825,480210
-7730295,36480
-1907008,208428
-4881001,97921
-139659,288810
-3887088,130208
-10055686,13409
-4273456,116922
4858631,491519
3032172,428954
-11408650,6836
-3857339,131259
3404939,443082
-553945,269624
-1064084,246096
1313501,356229
1888973,381671
2040592,388270
-4716735,102801
2620873,412737
4247883,472367
645782,325473
-6960730,48906
-802903,258112
1169055,349761
2490559,407280
-2164530,197424
-2671189,176390
3305251,439395
-8461864,27181
-3096528,159487
-8467967,27104
-543419,270088
7016,295630
-5104549,91458
2712059,416372
290541,309031
1698137,373415
3519411,447270
1161660,349436
-10437680,11165
-7992638,32878
932657,338821
-1542913,224436
-639248,265650
110158,300448
3272740,438150
-986485,249685
-4019326,125640
2162721,393467
-630427,266073
-6677959,54206
-179166,286971
-1018667,248190
-929510,252224
1022460,343035
608891,323719
1032258,343493
506443,318982
2348531,401270
3606631,450337
-7385014,41726
297329,309324
-5307985,85968
-351494,278917
4397602,477111
-2702262,175170
-6843924,51052
3496761,446453
-7314641,42860
1059910,344789
1575166,367915
-3626814,139492
1888573,381655
-7247880,43977
-2431459,186175
2225043,396073
1948417,384252
-950164,251302
-2381344,188234
-1525217,225230
-6086388,66627
-3145491,157584
-1752763,215167
907305,337637
-2855025,169031
-6684521,54069
3282154,438528
-6715602,53462
1128135,347953
-6872701,50527
165349,303155
577751,322264
2514967,408288
-2536423,181876
-1801109,213047
2142992,392608
-2523000,182400
3226871,436466
-3651900,138560
-8057246,32076
4595754,483457
-3948720,128147
1172912,349917
-1505912,226113
-2806919,170935
3239247,436929
-311937,280772
-3719573,136155
2030816,387854
1571731,367767
3143743,433365
-4379564,113456
-6004802,68551
-1695005,217659
-631399,266024
-4667156,104379
1387966,359585
-4987889,94808
-7776417,35798
-3357547,149342
-2416592,186752
-1046109,246904
-1506199,226099
-2998295,163304
1192180,350770
-3574064,141365
-4731638,102341
3246826,437200
-1649971,219616
4449040,478793
3353565,441151
2969695,426525
3456111,444931
3450881,444752
2677109,414947
756759,330727
-1439775,229099
532077,320164
-8264128,29514
-1375256,231968
-2720240,174440
2136839,392333
-190432,286409
-1281097,236261
327269,310653
-3164816,156835
3333341,440414
2535934,409144
-760369,260049
2154230,393082
-1861426,210389
-3724418,135992
-6728608,53205
-10483666,10935
430757,315483
3944983,462260
-2463063,184888
3650854,451940
4305413,474182
1573516,367845
-691296,263282
520037,319607
-6166439,64767
2432712,404846
-6149239,65190
-5175967,89559
-1586007,222503
-4999735,94463
890120,336831
-1256700,237333
-2534541,181960
-9449457,17666
-261150,283132
458356,316720
355901,311987
-3496757,144219
1709259,373899
2916255,424427
4260511,472783
-5727577,75264
-656248,264873
-352656,278875
-1146571,242375
4035704,465328
-3888193,130172
-13271517,2458
-3665300,138073
-3419703,147074
3943590,462202
4115229,468004
20297,296228
-1053827,246548
1267163,354182
3085029,431061
2853639,422008
-5822759,72899
-3157185,157106
-1238694,238130
-2360873,189049
763042,331011
4585220,483156
-5828773,72769
-6566031,56356
-1252761,237529
695496,327820
1055699,344587
-3348430,149696
544057,320695
-11299238,7219
979570,341052
-144507,288621
396157,313845
1156172,349152
-1455818,228402
680893,327118
2363549,401907
969317,340539
4536767,481603
-11416402,6807
224085,305892
1456575,362578
4717098,487187
-11277227,7305
-3073678,160396
-4945655,96031
-5705583,75809
-5087175,91960
-3357584,149337
4161770,469521
-3160012,157004
654876,325901
-7971315,33141
-8347765,28508
-558570,269443
-5658464,76934
-1543320,224415
-7109763,46303
-5471861,81713
1014683,342676
4163887,469595
2172252,393858
100121,299983
2115692,391408
-13834591,1761
-1561428,223601
-6069921,67015
4460936,479193
-9693217,15838
492679,318315
4576055,482835
-2608763,179010
-7106626,46345
3999225,464114
-146289,288536
-533696,270558
-2170623,197144
-5192747,89083
547440,320848
-3750593,135057
1176084,350069
-6988970,48393
-90002,291120
135057,301672
-2726710,174180
-10332904,11814
-3051861,161186
-6210491,63808
-2963892,164627
1245569,353185
-3676706,137637
1028046,343306
2185585,394400
2091826,390439
-10311706,11936
2681849,415123
-5573320,79080
-7900235,34107
-3306635,151365
-6584107,55985
-37965,293567
-4522420,108831
2573025,410769
4677599,485978
-3226426,154478
-4790510,100598
-4829683,99420
-426171,275510
-1209456,239485
3522142,447375
-5137528,90586
4296856,473898
-5912289,70714
-2422880,186493
-14179652,1420
-6261104,62731
2860373,422284
4154092,469243
356303,312000
-2040008,202570
-597793,267607
-6068995,67030
712152,328621
-1896349,208909
-1086881,245065
-5358017,84617
-1990673,204721
-1375373,231964
769787,331300
-1284517,236120
-3299927,151625
-17532,294498
-7830086,35085
-4302615,115965
2649895,413877
-8026929,32456
349788,311702
3624082,450947
-3830505,132241
721394,329060
-1661058,219150
-388385,277296
2226200,396121
-5164318,89858
-1008609,248666
-1999141,204349
-1849489,210906
4077319,466768
-5040581,93251
3141248,433272
-4338295,114804
1969460,385177
-12584977,3636
-2702890,175140
-4846242,98893
-3120204,158570
496741,318510
4977684,494933
-377432,277770
3796430,457031
-762812,259944
-4904854,97204
3192907,435152
2569699,410629
3077495,430769
3020584,428509
3371755,441805
218604,305648
4818399,490277
4401352,477238
1805053,378040
-3525999,143123
3353161,441133
-4984586,94890
3472759,445531
-3074073,160374
67313,298439
-1008046,248694
3957949,462724
-3142174,157708
3244786,437132
-7748471,36183
-3071849,160473
1332211,357072
-3373044,148803
3280341,438468
5697,295576
-5449689,82258
-2571140,180459
766460,331143
-6401411,59728
-8145113,30893
-6988752,48398
-450970,274397
-3927663,128824
-1069869,245841
5083927,497924
2987585,427252
1370001,358763
-2279393,192456
2855067,422075
4024757,464946
-4706293,103120
-6488142,57969
-2791125,171555
-1019429,248154
1431614,361481
1920748,383027
3504575,446739
-3591934,140730
4130865,468510
874984,336090
-1805449,212844
2179052,394128
686373,327363
3571997,449133
3275595,438275
-1495985,226594
-2443169,185710
1753036,375767
-5185213,89296
4502942,480497
860521,335447
-378721,277720
1341439,357473
-1973251,205477
-3635402,139164
-745785,260744
752770,330544
-4354248,114278
1494743,364269
378590,313018
-5713930,75615
-756045,260263
983833,341227
-877032,254696
1143066,348600
5090236,498120
-6908229,49908
-3093368,159606
4082217,466923
3054907,429879
-9754188,15392
-1334355,233838
-223164,284897
814385,333389
1017410,342801
-698551,262930
2983968,427111
1484628,363829
4049149,465809
-1567764,223306
-737362,261137
4543905,481840
-1499423,226427
4799370,489726
-2457069,185127
-4218926,118775
1314043,356251
1814198,378432
-616374,266733
5152044,499857
1063901,344955
-8033015,32387
4245985,472296
831511,334125
-2281242,192373
-4092640,123074
2798144,419855
612341,323869
1542043,366394
2435437,404971
-3815151,132758
2209256,395429
-233674,284419
637862,325076
4020346,464816
660578,326173
498699,318603
556806,321261
63279,298240
-8244598,29725
-9287719,19001
2192221,394669
-489654,272611
-3173355,156502
5004412,495756
-2065006,201531
1894645,381916
-7627709,37932
535557,320322
1359286,358286
-2374783,188500
-10368728,11583
1057,295362
163538,303081
2569106,410603
-3966605,127514
-2115762,199430
-2535304,181922
-2729114,174107
5001326,495658
1135209,348270
285762,308830
2727422,416999
-5134535,90655
-3071158,160489
967377,340449
-1493892,226689
-5491794,81176
-1821206,212145
524542,319815
1126098,347855
-5195095,89018
-4001734,126258
-1061435,246216
469758,317225
901355,337357
4019578,464788
-3274617,152624
-5554729,79551
-4582944,106953
-2526741,182263
-8864310,22929
-7048106,47330
-967502,250561
-2324267,190511
-8523968,26502
5091136,498140
103485,300153
-1460698,228177
2574566,410840
3962458,462879
-8583468,25866
4603716,483713
4629520,484522
1447650,362187
-686071,263503
4972536,494784
2952150,425847
1548857,366697
-3878390,130549
-1232503,238432
-1894131,209010
3722642,454403
-4479147,110206
1797304,377700
-5607595,78193
-3197940,155569
-2910483,166829
-4660433,104578
-5485192,81357
-2231166,194567
-427675,275438
1933688,383645
-753798,260377
-905997,253322
1939734,383893
2972838,426651
4362910,476016
-1472011,227653
2770209,418741
1683297,372743
-1660972,219156
2505102,407890
1788335,377308
5153737,499904
-1861270,210396
3003884,427874
-5658931,76925
-1513913,225767
-4388325,113190
4811100,490082
3353426,441142
1881779,381365
-5615872,77987
4662250,485528
-5893967,71190
878092,336243
-5586940,78715
4581638,483030
3110451,432102
-2735329,173824
-496076,272329
4755537,488333
-8427551,27560
-10253848,12248
653610,325847
207230,305105
-1945701,206731
-760780,260031
-2622309,178447
-8192871,30302
-4693196,103541
4278182,473360
-502072,272023
-7951632,33388
1136530,348332
-1434587,229333
-3120266,158565
-789965,258742
-10913505,8774
-877024,254697
-4269539,117067
-7392642,41600
340681,311273
-3060058,160889
-5121679,91023
4504221,480532
1856053,380276
-3086265,159891
-860302,255498
140941,301972
1275188,354505
627319,324568
-6242263,63114
-6247345,63007
-2849486,169256
-4588405,106789
3838528,458510
-5023871,93753
-9137871,20327
-1594233,222146
-254659,283441
860155,335427
-7692793,37010
482955,317859
-2546035,181465
-347326,279132
-8529338,26452
-2815438,170599
1083319,345876
4283268,473513
-7337192,42466
2923798,424719
-8056862,32083
915957,338049
-2595162,179527
5032474,496531
-1032707,247546
1406258,360349
-1730546,216106
4451632,478889
3148485,433535
-3099279,159386
-6437648,58984
5018956,496171
-1478073,227375
4587171,483217
2599003,411861
652818,325799
-2053954,201969
-772564,259512
2023768,387536
-5976960,69210
1690836,373066
-8904853,22542
-3948424,128158
-10953961,8597
4113396,467934
-985077,249758
1165532,349594
1568113,367612
-6585482,55959
1538704,366255
-7407673,41369
2398029,403359
1919185,382975
4558020,482243
-3568453,141561
-5252645,87520
4970719,494723
3424541,443787
1206847,351458
-8718162,24471
-10984,294823
4969963,494708
-4087310,123278
4539257,481682
568010,321770
2961715,426213
281299,308624
2191578,394640
-9071042,20939
-4760837,101448
787054,332070
2870727,422657
-5250703,87566
-6757482,52633
2843913,421647
-6353819,60715
2278706,398364
-1580762,222742
-5346044,84935
-883691,254361
4720800,487309
4383831,476673
1264663,354056
4957645,494373
-2604675,179192
-4617508,105899
-543794,270073
-725501,261715
3107512,431981
-15412816,605
-13038028,2804
95365,299747
-126695,289394
-5487460,81307
-7193185,44886
1737052,375073
-5112785,91255
1276545,354569
4207223,470993
-4110518,122475
3261188,437750
-229485,284607
39724,297119
-1083047,245235
1009435,342443
-209426,285542
-8017146,32588
680625,327102
9440,295748
-2767755,172520
5093072,498196
137302,301776
1605462,369243
-10424252,11251
-7270243,43608
2912771,424293
-8207215,30146
-697334,262985
3585151,449575
218300,305632
-4165301,120621
3636186,451404
-273963,282519
-2405093,187221
377387,312963
-911226,253089
3674648,452741
-1231976,238448
-2433001,186110
-2054003,201967
-6545926,56785
174049,303606
-1886643,209318
-7780739,35740
-1488814,226933
-7486407,40114
1966150,385028
641891,325264
-2780397,172011
2066887,389399
1391062,359717
-3208409,155139
4611444,483947
-11059843,8158
32511,296770
-3771143,134315
2341567,400971
2841548,421551
-5884586,71426
-1707126,217098
3983629,463616
-435679,275054
-9279854,19074
4169019,469773
-1520724,225446
-6647117,54786
-3891114,130074
-1810860,212597
-3553,295154
-843068,256287
-4545848,108105
-5316203,85751
47171,297482
1702451,373590
-4073067,123779
-3956041,127871
-1803457,212939
3555810,448576
-4540455,108272
-1312192,234870
-8780040,23819
752243,330519
3951351,462478
2367681,402057
-976124,250190
254437,307309
1962353,384872
-5975267,69237
2855111,422077
1928508,383399
-6631038,55112
-104867,290419
-4952816,95819
940473,339163
-1545803,224314
3073936,430633
-6468328,58356
-9522685,17107
4486270,479976
-2772424,172319
4827641,490559
4674813,485872
3567270,448962
-6716766,53443
-2365122,188875
825301,333853
-4154628,120989
-1645260,219812
5100859,498418
875019,336091
3686315,453181
-121953,289607
-3894005,129984
-4315562,115526
-2613580,178797
976682,340917
-8475567,27022
-8914777,22438
-1913795,208115
685728,327339
-1709394,217013
-1433280,229374
-6714464,53485
-3402172,147703
-1344098,233393
-5799043,73489
-4589407,106757
-7008764,48044
-9157676,20156
3116154,432337
-1612607,221324
1924645,383199
-2317553,190799
5128293,499177
-7908078,34000
3981589,463547
3357162,441284
-6835487,51182
294516,309213
3432064,444081
1695763,373292
-1211029,239416
3227366,436483
406876,314313
-2791126,171554
-5495513,81088
56760,297936
1095804,346436
-4234750,118265
-2310922,191070
4687818,486286
-2879760,168052
1707450,373806
3974443,463288
1279171,354688
410149,314485
-15669951,506
2728862,417061
-4953245,95806
-10504151,10814
-5012376,94073
-1161198,241686
-6521752,57276
2119089,391560
344166,311437
2683377,415177
4359870,475921
2212184,395559
999792,341974
-9660486,16065
-4420679,112156
-1499838,226399
3194163,435206
4424813,478019
-5121938,91013
4038052,465406
1349689,357856
1660191,371709
-2976446,164139
-5171395,89678
888190,336720
-924856,252439
-5902029,70983
-5180906,89410
1060643,344815
1782294,377048
-662960,264573
1532965,366005
-4997462,94537
2953181,425876
1609453,369432
-4494604,109738
2066197,389369
-1273066,236609
-1845153,211103
-2705443,175028
-1631768,220431
-835680,256623
2066889,389400
672976,326745
-178532,287004
2545742,409557
3074543,430655
764309,331063
-3299176,151657
-2749398,173243
-1533213,224852
2691033,415497
-1685941,218063
2525108,408699
-8404944,27833
4233097,471842
4969604,494704
2917949,424495
4247288,472349
1616425,369759
2613691,412442
-8669127,24974
-7946579,33465
-5194517,89034
3857627,459211
3636218,451407
-6393392,59886
-3471757,145191
4047972,465773
-7478233,40264
1181466,350306
-2923729,166283
-1864778,210240
-2897188,167359
2996706,427583
-2380843,188256
668327,326535
-929602,252221
-4242586,118002
-10836278,9130
-735289,261255
-466494,273670
4369655,476228
-1839985,211343
-4484673,110028
-2987303,163720
-6990737,48362
-139799,288804
-7300531,43113
-4881758,97896
3529482,447653
-515938,271392
2504436,407861
-7473903,40333
1533019,366009
686778,327380
-752431,260440
1486350,363907
1938720,383846
296234,309279
499645,318640
-3263681,153037
1040556,343882
-1033613,247502
1762665,376186
-1162766,241629
621435,324287
3729282,454644
-8389506,28006
1326415,356811
2648725,413832
-6550692,56693
-585968,268136
-6867678,50615
-3055942,161024
-2891765,167568
-4148653,121185
4789002,489406
-9172119,20043
-1056086,246435
-9459959,17585
-7567657,38842
5128874,499197
3986895,463706
674820,326838
-3897890,129827
-7071074,46956
2562127,410286
-270378,282688
1486569,363918
4652553,485218
-2790666,171577
2153431,393042
1068676,345171
-4679151,103994
-2328654,190361
-1041676,247135
-1927466,207539
4089149,467166
1516050,365271
1897654,382042
1495611,364315
-4519618,108926
668667,326553
3434341,444160
721165,329047
-1589293,222346
-928420,252279
168926,303340
144164,302144
5145458,499661
4347310,475534
2209881,395458
4405497,477382
-2284111,192239
-4876058,98054
-4410654,112479
1047319,344185
4534619,481525
2302066,399364
-5800349,73447
2859360,422242
-6735294,53070
-671907,264161
3413632,443393
-3999205,126375
-2024517,203251
-365789,278284
-537752,270369
4467775,479401
594342,323047
4115323,468009
-474716,273305
-7408971,41348
-2141636,198358
2121941,391708
-2577565,180224
-10297373,12018
-11529196,6411
-3590264,140799
-3543751,142507
-1782845,213856
-3923121,128967
1944775,384111
-5620304,77879
124576,301170
2654763,414069
-3563482,141759
-1243516,237922
-688582,263396
2873976,422783
883189,336479
1158349,349271
-6151750,65138
2094761,390566
-5744389,74834
4636131,484725
-1345205,233338
-9282142,19058
2722652,416804
4573742,482774
-8712650,24524
-3396109,147908
-610519,267006
972755,340718
-778012,259271
-7139678,45778
-14398896,1249
-6873155,50518
694409,327776
-1973645,205461
-1726943,216266
2707811,416187
2347512,401230
-7390933,41624
-6239907,63170
1660,295386
-1183796,240669
-5775381,74076
-2033561,202880
-6204875,63923
-2751310,173178
-2853493,169095
-1658114,219261
2126311,391899
3982227,463568
-2165256,197389
-1569156,223236
-2997692,163330
3592182,449819
-80114,291574
-5663652,76806
-1221901,238923
4062799,466248
3094094,431460
2840606,421507
2778336,419073
-6282554,62255
-882085,254441
1402036,360161
-3473887,145092
1168481,349739
3170766,434367
-5467640,81821
3300922,439249
226848,306028
-6253637,62874
-600461,267464
3836681,458438
1644795,371046
-685165,263556
-4511361,109197
-13156818,2634
-2038327,202642
-1275858,236484
-5522071,80391
-3496504,144230
3333771,440424
-2373816,188540
3658283,452178
2633835,413244
-2293641,191816
3822045,457880
-6817602,51518
576649,322207
5010272,495929
908607,337698
1768630,376460
2982246,427041
3635846,451389
3836703,458442
-3684534,137369
-526438,270915
48998,297560
4645976,485026
248001,307015
2706603,416137
61801,298158
-3669222,137929
4418356,477814
-15749164,478
-1978338,205242
1460963,362778
3080193,430864
-7560953,38948
2452211,405652
-4926097,96586
2644360,413672
172794,303528
-5952213,69792
2039614,388232
998738,341928
-1080569,245343
2262952,397682
-1756609,214980
-4171422,120408
4268512,473049
3027323,428786
-3804633,133122
-285489,281981
-1123199,243449
2312740,399779
2327307,400381
706749,328370
4048511,465785
713860,328702
1870918,380889
2447539,405456
-4150362,121133
-2779259,172057
-4244908,117925
4459182,479139
-119178,289744
-2404599,187251
-6462633,58485
34463,296869
751632,330498
-2229840,194629
2509401,408078
3191236,435092
-8530285,26441
-188173,286518
1649071,371227
-4837574,99177
961200,340158
217117,305576
-3930155,128748
263114,307736
-4352208,114357
332634,310912
567125,321729
347358,311593
-5944418,69960
4876364,492045
605645,323560
-5517380,80506
2856426,422126
2504341,407857
-1043716,247026
-3506351,143842
1658363,371631
-2494435,183568
305855,309727
2973578,426683
1661630,371774
-3787893,133719
2979276,426919
3676921,452822
4414624,477690
-3904635,129590
5010397,495938
-337682,279581
-3550172,142249
-4051920,124504
-1026048,247843
-3036074,161804
-3850641,131518
4625625,484396
-2322628,190602
-6797745,51892
3906288,460925
-2334636,190120
3398802,442873
3187794,434947
3117229,432376
4401351,477237
122320,301040
2982023,427030
46521,297453
-10693742,9784
354285,311910
-812744,257693
4915818,493152
1356404,358164
2177217,394068
-1452596,228532
-3560445,141872
-5495272,81092
-2237387,194287
4940918,493914
3541071,448056
1815584,378504
2423194,404473
3406798,443145
4237734,472017
3828902,458137
155397,302690
-5689788,76174
-5469608,81776
2089210,390333
-4297343,116138
-5581809,78855
-5124437,90956
-1462573,228099
3975218,463320
-339240,279521
-1022011,248042
-6316582,61519
-1071235,245774
-1938996,207008
-1049141,246746
2043522,388390
-8538003,26364
-1917931,207934
-4385267,113278
-3161777,156938
-2806018,170973
-4821211,99668
3520610,447321
-1542321,224461
-7319971,42750
-1522434,225367
4768586,488752
-2247889,193845
1162967,349494
1074999,345496
637684,325068
-3742021,135359
-3899966,129755
-107815,290280
-1295445,235624
4202526,470850
-5457387,82074
-1750345,215262
635288,324974
-760069,260075
-3435306,146486
-4508165,109315
107907,300355
319620,310333
1334296,357178
-5901452,71002
-6075567,66885
-1929452,207455
-6011254,68386
-1239464,238095
-4160352,120802
728809,329442
-7487120,40100
4240157,472091
5091322,498146
-1982299,205060
-7580885,38621
-1898978,208791
-3266778,152928
-4921353,96730
2780693,419172
321305,310393
-5648779,77193
-2748075,173299
-1901343,208679
3013633,428250
-6181539,64441
3756105,455586
-3739919,135459
-3595625,140586
3569109,449034
-3179256,156285
-2908712,166893
-2853971,169070
-1263863,237045
-4499585,109576
-1495345,226617
2662536,414363
-2478177,184239
-2262628,193198
-875586,254781
-2590839,179711
-2110987,199626
-1195180,240115
-2813101,170687
-2861912,168750
1032533,343511
-6780666,52211
-818764,257399
-1929832,207438
-1014163,248410
1655739,371525
-2132686,198740
-6548269,56740
4456626,479039
2242044,396790
256543,307408
2288075,398784
-6432827,59080
-3793755,133493
-1415589,230196
-3473751,145097
32743,296782
-8004326,32739
2178851,394119
-5501100,80945
-5896115,71131
3277650,438359
5045480,496871
394033,313740
-4384693,113301
-250866,283642
-14573464,1086
-7327026,42632
4107988,467774
-4980978,94990
-1311268,234916
2958074,426063
3974415,463287
3568029,448991
3198869,435397
-2274361,192665
1860761,380474
1126169,347860
-1316273,234669
5127841,499162
1092903,346313
2352982,401471
1119570,347561
-4684636,103822
-7146345,45664
2346895,401215
1353584,358025
-1017112,248270
912878,337900
-4887976,97716
-3402859,147686
3881554,460066
-5827461,72804
-236724,284287
-3639538,139024
1713758,374089
-14037785,1552
857289,335308
-4875634,98067
-525728,270939
2646654,413746
-3345441,149808
4726308,487483
4493166,480184
3516080,447149
-81967,291484
-5403091,83418
3906221,460918
3857229,459193
-3559517,141903
-3179461,156278
1307700,355973
-3363679,149129
5038816,496683
2376954,402442
2924445,424737
-2938853,165648
2852310,421951
-12073423,4840
3438417,444315
-10001746,13756
-3718746,136185
-862318,255398
-230092,284565
-5132066,90725
1137858,348392
4351784,475670
507374,319017
-3462761,145542
-4948254,95951
1294652,355361
1433220,361555
564269,321593
-4331604,115025
-1904344,208559
-6467726,58370
-3756163,134866
2720756,416712
3234616,436767
-279446,282262
-2665752,176621
-3275432,152593
-986133,249699
-4642363,105138
-4262840,117296
4539387,481694
-1146639,242373
3734807,454850
3137517,433118
2413114,404030
4133688,468587
-11501715,6506
4960864,494462
3270950,438086
-740328,260994
-5338884,85149
499078,318619
2357255,401654
4858672,491521
2925852,424801
1227351,352383
-1363823,232494
-1725505,216332
-2533709,181991
-2075444,201115
1639490,370798
4760422,488482
3308532,439526
1173790,349961
-5351005,84796
-1721991,216468
1542571,366410
-2965098,164571
2707914,416193
-2662421,176762
-6731637,53144
1213531,351766
-10760674,9473
-5091321,91831
-2806748,170944
-8735196,24295
4547806,481957
-7482728,40183
2914248,424353
-7273031,43557
-8224119,29954
-4313824,115588
2905006,424005
1065951,345049
-4564816,107504
-4437619,111588
4094454,467329
-4716977,102795
4698625,486632
-1182976,240703
-312822,280718
318453,310289
-5114193,91220
-2523950,182365
2824812,420880
3050649,429705
-1049596,246719
-1818740,212247
-1016800,248279
-8627820,25403
4052643,465929
624100,324409
-1580149,222769
1768308,376442
-7363743,42033
2643001,413619
462027,316890
-4698879,103377
-2700039,175267
440766,315940
-6407617,59589
-3357730,149332
-1447089,228787
-3785342,133804
-4596619,106528
-5187384,89230
-1482225,227196
262820,307720
-1245413,237832
-3908766,129449
-696503,263026
-147540,288481
657003,325999
2097825,390687
2420155,404357
-8612254,25572
-5111291,91302
-7336672,42478
1365727,358581
3139253,433199
4745502,488022
-2331265,190247
-6749528,52789
1480937,363657
-1380157,231748
-1884226,209409
1350864,357909
953289,339751
-421244,275727
2465979,406247
5107730,498610
1456953,362599
1991851,386219
4770830,488831
3445124,444562
-4688375,103708
3958139,462730
4176599,470020
-4082096,123462
-3194112,155709
-5132965,90696
3556266,448594
710159,328535
2668969,414617
-5045323,93122
1654107,371446
329581,310758
4010652,464492
3688103,453235
3951745,462493
-5773547,74116
380098,313080
-27740,294061
-685790,263523
3556220,448593
-13023733,2818
-9991148,13840
-2867024,168568
1745958,375451
-5071698,92389
2295713,399123
3764309,455857
-4187463,119844
-1079055,245395
-2576694,180254
818386,333563
2918657,424528
2722115,416765
5042980,496806
-7647317,37669
-1447968,228743
4099435,467481
3496262,446433
2375353,402381
2503679,407835
-5971096,69317
-4094581,123013
-1520120,225478
974958,340826
-3707856,136564
379121,313039
-11310152,7171
-4709665,102994
1731881,374855
2485817,407088
-10912223,8781
3979205,463456
4647226,485075
-3301855,151545
-5201739,88838
-5003488,94334
4661257,485499
3944471,462240
2467686,406323
3059712,430069
-6020755,68184
-4818518,99752
351048,311760
1478829,363564
-7228188,44291
-1270397,236731
1795665,377616
-1156715,241898
1112110,347224
4683793,486171
-1831865,211722
896688,337148
-919801,252673
4372554,476329
-8416699,27686
-4879701,97955
-3037452,161748
-3592149,140718
-738901,261062
445552,316163
-3019367,162481
-2644822,177522
227426,306059
4600715,483617
-8550841,26225
-1028614,247718
-1324579,234288
-3679893,137532
-5341786,85058
3161480,434024
1894256,381897
-2710190,174827
-677593,263905
-3748808,135126
2122517,391733
-865675,255246
-3157468,157097
-2024639,203244
-2856659,168954
-10036519,13531
-1454309,228463
4570482,482646
-420146,275790
2534228,409068
-8116912,31273
-2294627,191765
-2333284,190174
2312210,399753
3654385,452051
420625,314990
-1022297,248024
-706644,262575
-10021280,13628
-10767266,9442
5121731,498979
1433769,361581
4198774,470731
-4469462,110549
-8456112,27240
-5856258,72103
4749457,488149
3157799,433883
-2530980,182092
-3338348,150105
-1745950,215452
-1576773,222910
-9448517,17670
3644974,451725
1232930,352645
-8203429,30191
-10462828,11053
4976828,494911
-8979626,21825
-8342920,28559
-812404,257710
-626006,266283
-4526197,108695
1956470,384612
-9245026,19360
3637179,451453
-3033059,161942
-3619777,139741
1131758,348115
1198522,351077
-9732321,15573
3985235,463657
-2758692,172874
-727453,261624
-3704953,136665
424480,315175
-3733469,135678
971949,340679
-4008526,126011
-3540384,142619
988526,341455
3514947,447095
417092,314809
172103,303498
3675969,452787
-1105163,244293
-3016921,162579
449028,316319
-1732928,215991
2804382,420106
-2680071,176016
4214482,471237
-619318,266598
-3269277,152833
-14707127,993
1763010,376203
-4998629,94500
-5022448,93790
-2120366,199242
-283583,282078
-4991419,94705
419246,314912
4156186,469320
3501270,446602
-2137211,198534
-2293590,191820
4250021,472429
-4918375,96818
-312111,280760
-2320178,190699
-3143620,157657
-2616098,178700
4312883,474418
4497111,480306
-4025914,125404
-9579310,16663
-3900826,129734
2192722,394699
-3150003,157417
2173850,393925
706391,328357
680792,327113
-10006984,13714
-6343313,60948
-87564,291235
1842487,379695
-7021592,47817
-2044995,202361
-4306894,115803
-2814460,170638
-1931756,207344
-3488801,144504
-258467,283260
1051665,344389
-3934065,128615
-4883471,97843
1540267,366317
4925370,493436
-4165403,120615
491311,318254
-654672,264950
-4147699,121206
-4401255,112748
-6983160,48500
-5361915,84515
-2177592,196839
-5375119,84171
-5933584,70226
-3956248,127859
-4953021,95811
-10732883,9595
1508506,364903
-4430797,111811
5098863,498361
-1901688,208663
286542,308867
-4345796,114548
-363571,278385
84530,299242
-1034453,247461
-3264618,152996
-13913019,1682
2895187,423613
-361173,278502
-4870146,98231
-3780941,133964
-1250767,237613
-3872368,130738
1234576,352719
-89326,291156
-918541,252713
-2541556,181630
1788407,377312
-9745571,15469
-1331010,233977
-5714703,75596
1097539,346515
-2317447,190802
-1811672,212563
4887186,492371
4543552,481827
-3335877,150209
873955,336026
3185303,434852
-4908076,97111
-383936,277499
2646229,413734
-4028527,125320
2762766,418437
-10772290,9411
-1463684,228056
55215,297866
-2355902,189245
-10523050,10704
-6129318,65647
-3139288,157823
1596963,368856
-4794057,100511
3267434,437972
-7304028,43053
976877,340926
4391796,476926
-7396594,41540
-4305439,115858
3162673,434081
-3951994,128030
1554626,366999
-447294,274532
-1336157,233764
1389912,359668
-10459801,11068
-677757,263896
2650278,413896
-3105387,159144
1534960,366090
-826408,257062
4517103,480949
-4699988,103340
-1290323,235863
3004656,427904
2653254,414015
-1888024,209274
-39376,293495
4491209,480131
166845,303232
433164,315587
3847073,458836
-6347788,60836
-6512174,57465
-5941460,70035
-5366669,84391
480775,317747
-7718109,36675
4143382,468886
2452817,405675
-8586768,25834
4754441,488294
-4814801,99867
3760837,455743
-980221,249998
935603,338957
-229456,284612
-4423335,112070
5012595,495999
-1448114,228736
4678409,486007
-269150,282743
-6356887,60649
2294291,399056
-256943,283332
4196711,470664
1737245,375080
-4910775,97032
-1738841,215756
5118662,498909
-7780551,35742
-7449665,40709
257490,307461
-3978052,127104
-1246584,237779
-5392300,83707
-1616883,221115
-1697049,217557
4412234,477622
2001853,386626
-11271431,7325
2724556,416887
-3215933,154879
461056,316845
-144384,288629
-2199364,195922
-7892949,34197
517219,319475
-2829814,170003
-2999841,163236
-9270872,19150
-4655921,104729
2957533,426047
2171377,393827
-1874819,209810
4121031,468212
-5308180,85964
-3811706,132886
5099696,498382
1365202,358555
3337474,440563
-6123138,65792
-4031090,125236
874516,336060
-7613385,38146
-3321341,150766
2822775,420801
-1230713,238508
19582,296194
4256273,472634
-1309880,234982
-2894567,167462
-1270954,236707
-1705976,217145
-2141788,198353
2083084,390068
146998,302280
-3749617,135091
-871556,254994
-72186,291939
1304017,355795
4581215,483013
-4979028,95043
-230241,284562
-2437674,185929
-379336,277696
-3197501,155590
-1144220,242487
-3315128,151014
1758907,376015
-2438202,185909
-10099256,13150
321326,310394
-4462801,110770
-6994497,48282
3091614,431370
2915691,424412
-651818,265070
-7390172,41638
2217661,395787
-775194,259392
2944330,425558
-433992,275142
-462193,273875
1528945,365843
-7721,294970
-2845795,169394
1718623,374282
-11685027,5916
3888562,460324
-1013600,248433
1738386,375142
1763685,376236
-3463769,145495
-99888,290648
1952994,384454
-5028433,93615
2440947,405189
-5477780,81550
701002,328108
-1864138,210262
-2417241,186726
1242263,353050
-4602145,106367
475839,317516
-857836,255623
504667,318909
589279,322801
2586781,411296
-6062702,67175
-1062513,246172
1670582,372197
2336562,400763
-5734260,75097
4834341,490763
-3397730,147856
-3906424,129542
-4067913,123958
1482559,363725
-4387095,113230
1072967,345391
-2014715,203675
-531321,270681
1485840,363886
-251995,283579
-2904561,167065
2590667,411468
-3074774,160336
1313204,356216
-5283577,86617
1883765,381455
-4688933,103695
2684979,415254
-770264,259609
-1564456,223460
-2741965,173563
2651602,413950
4677394,485971
-6551417,56669
-10424139,11253
919702,338241
1062932,344914
-4250445,117731
-4217696,118816
-4885878,97770
1868450,380772
-2407600,187124
-6962564,48865
1966553,385046
-1322394,234374
3681369,452990
433306,315593
56691,297932
-2703123,175127
-8242084,29753
3625162,450988
-6611944,55437
-3415178,147235
461618,316877
3894545,460531
3327084,440216
4471163,479490
100617,300003
-1196551,240042
1844921,379802
5140245,499501
-7647859,37664
-5183277,89340
-1897207,208867
1104435,346877
-7356169,42161
561702,321495
4285170,473573
-1140895,242644
549718,320942
-4420181,112172
-4119446,122178
-1444360,228900
-42360,293349
-1997457,204418
3102252,431778
1191735,350748
5070489,497559
964767,340333
2787704,419427
-2955228,164983
2435975,405000
-636865,265767
-6780207,52226
2179379,394143
-493581,272434
-2760968,172788
-322582,280279
-2889856,167646
-3620879,139703
-4605729,106253
-6881014,50379
-3210200,155084
-3965420,127556
-4924940,96631
-8905736,22530
-5604361,78282
-1034911,247438
-245233,283884
-14322276,1299
-2111456,199607
-3058214,160954
-13403999,2272
-1684128,218143
813340,333350
-1149012,242277
-10345277,11719
-10791996,9339
3777979,456386
6889,295625
-1820507,212171
-3095367,159545
1880754,381317
1296190,355435
-1508495,225990
-2043439,202424
-2966224,164518
-2549331,181356
1555539,367036
1093499,346344
-742143,260915
-3377165,148659
-2272213,192773
-2082430,200836
-12436816,3986
2805829,420147
-5182286,89371
-1022808,247997
4159392,469426
-3707852,136565
3641967,451616
4803218,489850
3162534,434073
2155394,393146
-6145900,65276
4763382,488568
-505343,271879
-3341407,149964
1844438,379774
3074842,430666
1778322,376867
-377125,277786
1928391,383387
4576895,482864
3555573,448565
4311326,474358
-11257197,7379
-1602307,221780
45880,297418
-3705578,136647
-4882540,97876
-7792426,35580
-4856927,98594
1719936,374349
-2700348,175256
-4046038,124722
-2103591,199926
380993,313131
3408646,443203
71708,298648
471767,317308
4902656,492816
-4419055,112204
411211,314536
3033492,429009
-3671941,137834
-625412,266311
-6745409,52874
2344962,401124
3241237,436996
-2827913,170074
267713,307942
224589,305922
901282,337354
-1607237,221571
86197,299318
-3557310,141978
4859311,491543
-7774988,35820
-4445786,111314
-3130098,158188
3593818,449875
-353744,278828
-4778810,100941
-1366929,232344
99301,299936
-15100701,752
1614143,369652
380428,313098
-3246700,153711
-680702,263759
2740253,417520
-2490597,183719
1751692,375714
-579688,268415
-2220565,195051
4860393,491580
3940018,462079
2736355,417374
4814133,490170
898028,337214
-1802848,212966
-302746,281183
-759396,260101
2113825,391324
-4532416,108511
-1479292,227326
2515478,408309
3217408,436106
-1869024,210060
4191057,470483
597987,323216
-1682030,218230
-7804388,35421
2808476,420252
-5303996,86097
1840477,379605
-2872976,168331
3267345,437968
820215,333636
-8013009,32635
-6184479,64364
1113350,347275
4751537,488211
-315101,280622
298175,309379
-3500556,144078
-1258895,237250
-5023181,93771
-4662123,104527
680198,327079
5012670,496002
-9586298,16617
-5025194,93714
-2534831,181943
-977578,250119
-2566117,180655
-3714395,136341
459941,316790
-2447297,185533
-2165821,197370
-1436626,229240
-8223557,29961
1418090,360870
-3867357,130885
2776205,418981
939510,339120
-1058164,246345
-7862488,34648
1636037,370639
1293793,355319
-418731,275858
-1747796,215377
3074115,430640
-10139268,12935
480909,317754
292041,309095
1399773,360054
490011,318186
-536734,270418
-390312,277210
-3727929,135864
-4971246,95288
-2659937,176864
2066476,389380
5111868,498721
-6954143,49023
4939614,493872
1227966,352419
-5505304,80827
-3491277,144427
-1720488,216529
1700701,373515
4254762,472589
147412,302306
1696095,373311
2181133,394216
-3132553,158091
3319326,439941
2079554,389914
-11868422,5398
1996576,386395
3643796,451688
-3220880,154697
2442441,405250
-1641055,220007
-2066233,201486
-506720,271815
-6568970,56297
-890139,254072
-7470319,40384
192474,304425
1733894,374938
-11357311,7002
-4646149,105020
-4966280,95426
-835448,256636
-7183698,45068
778805,331704
-11737696,5789
4594481,483426
-9570029,16724
3090618,431321
-4596255,106540
2087497,390247
1369602,358749
-185900,286626
1210440,351614
-4314448,115564
-2328324,190370
330946,310822
-3281003,152369
-1950238,206500
-1522803,225348
4775758,488994
1662287,371810
-4068900,123929
3096951,431573
-1362932,232529
1955885,384582
-633306,265942
-5118641,91105
815346,333434
-1076172,245532
1000032,341988
1796947,377675
-1394164,231135
-3823857,132471
-496443,272307
517864,319500
-6723959,53308
1922590,383107
2246675,396983
-11228199,7497
-7764870,35960
3129822,432842
-3740454,135429
4888013,492387
-6563959,56389
-1165580,241508
4155789,469301
-5582110,78842
2722475,416790
3092950,431421
-8327326,28755
611886,323855
1875602,381095
-6451607,58682
-2491963,183665
4291969,473757
5040500,496726
-12835312,3145
-1511202,225881
127014,301281
1028151,343311
-5113891,91231
4532059,481450
3046533,429542
424108,315156
3224544,436376
-2967720,164468
-1693890,217700
4253904,472559
-8912480,22466
2814934,420512
3080915,430895
2771984,418806
4676564,485940
3721385,454355
3980075,463493
-4179174,120137
1731315,374836
-7444535,40794
-1450517,228625
-9061222,21037
-3867807,130871
-7158963,45476
-5706313,75791
1740029,375225
3625118,450986
-684723,263579
-7662021,37443
3463613,445207
-2737795,173702
-6109310,66087
-3294178,151858
-4901390,97292
294294,309204
3440350,444383
2385702,402813
2873079,422751
-3421442,147000
-2965408,164555
-4622776,105732
-9562361,16798
-6565313,56367
-3901883,129696
1748629,375565
1674253,372353
1902962,382285
-4759894,101494
-7099688,46453
-2818632,170491
2775400,418945
-2560242,180885
-1050376,246684
2391735,403070
998894,341939
-6902510,50014
-413104,276126
315226,310142
-5964683,69472
-2175606,196915
-2928535,166081
-6674953,54269
-8065541,31974
4375886,476419
3243198,437077
1416073,360778
3512947,447044
-3854854,131356
-1022689,248003
-3349310,149665
3070502,430485
-2864166,168659
2358832,401721
-4142193,121399
-6780224,52223
634456,324930
1529981,365878
-7120753,46116
-1094853,244740
3793461,456928
2759990,418320
3130426,432862
-13080292,2742
-7295103,43201
-4179795,120107
-6282992,62245
-5881334,71512
-940804,251736
-8087404,31660
-673284,264103
-2861127,168785
-3001453,163175
754091,330607
-4388025,113198
-10100281,13145
-1786360,213691
-4900125,97330
2558152,410112
-8137185,30992
-537358,270386
394872,313767
-4990247,94741
-1243317,237932
-9540604,16966
-8213516,30084
-4076637,123659
-68575,292123
-2676083,176163
1207783,351500
-1039391,247238
1003608,342152
989922,341513
4771094,488845
4265201,472938
1298350,355529
-3195781,155645
-7771076,35868
-10208326,12536
1473925,363362
916840,338094
-1541283,224498
-219446,285080
-1642109,219959
-1158545,241812
-6696826,53841
1142716,348587
-822275,257242
-4790302,100606
-4331357,115030
-4189571,119773
-4123002,122075
-5020622,93853
4587405,483228
746184,330272
1629064,370307
3468196,445380
-679397,263824
-4782826,100810
-8082241,31742
-4147944,121200
-7048886,47317
-7126315,46000
-3027991,162150
4857381,491476
-920014,252656
19762,296204
-303883,281131
-5255211,87460
-2229867,194628
-5774487,74099
2014688,387164
-4582987,106950
808758,333127
574107,322070
870066,335843
2808870,420277
-1043763,247024
-1047863,246819
-9439264,17743
-4253536,117639
1669269,372133
2719802,416680
-5024323,93740
-731705,261414
1491552,364122
1136447,348329
-468845,273563
577124,322230
-1999940,204312
-4994205,94620
-7791053,35598
-8427456,27562
-7183390,45078
-1018188,248213
896468,337133
-1097318,244643
-8525129,26491
1456653,362582
-5173829,89617
-95371,290876
2588288,411363
-4458309,110906
1420266,360978
741452,330023
-3022782,162362
-4360046,114085
-207992,285595
-7307560,42987
-613594,266869
4575156,482811
162863,303050
4130690,468504
-4683837,103845
-2993009,163515
-1079215,245387
-3616476,139844
256716,307422
1765804,376321
1837612,379488
-1247634,237739
-5834113,72637
1721158,374411
4454892,478983
2266905,397851
1734355,374961
-7082175,46753
4617057,484136
1715433,374167
-4833301,99313
-1184495,240642
-2946392,165341
-6040151,67738
5002097,495682
2933134,425092
-5571477,79132
-6463273,58473
1362233,358412
-4545821,108106
-5056786,92802
-4979442,95029
-6280832,62292
-2639342,177746
-6139554,65413
2408261,403831
1081868,345814
-2388319,187924
-5905521,70895
1563294,367416
-4502682,109485
-5246042,87694
-2265126,193083
-397026,276879
-380044,277663
-7670904,37321
-8272005,29430
-15389307,614
-4101349,122785
1523440,365588
4968192,494664
-1895635,208944
-965441,250657
-4746658,101879
-1061765,246201
595839,323115
4116472,468050
-121449,289632
-964520,250705
3430005,443984
3435612,444209
1331314,357035
4628827,484494
-2129635,198857
1279910,354728
3556149,448588
3515739,447127
-1278041,236411
1640818,370866
5049988,496993
-4099619,122835
-3616791,139837
-7383395,41746
2696837,415745
-4661444,104543
-3513380,143591
-9786605,15164
-10254140,12244
-6086404,66626
-3336003,150203
-8128487,31121
749127,330390
-2021981,203367
-7094447,46552
-2999212,163261
2979384,426927
4103393,467624
782605,331869
-486384,272760
26223,296501
3379187,442103
860289,335433
-2700187,175261
-12248554,4411
3793890,456942
-4220587,118715
2618638,412654
-3060894,160860
-5709930,75697
-2479010,184204
-7726352,36545
4541220,481745
805170,332950
39255,297091
-3337538,150135
-1443435,228930
4099687,467490
-4036030,125074
2415502,404150
-6078338,66825
-4353213,114314
-1688547,217957
-2578843,180165
-2091831,200441
-6743299,52913
4032323,465211
-11057476,8168
3694898,453488
-2765164,172617
-5592962,78565
-2297932,191629
-2165643,197375
653162,325819
1537887,366221
1259724,353830
-1652475,219498
3377747,442045
2844109,421653
3985163,463654
-2705729,175014
3285174,438648
-1404022,230715
-1109774,244099
-5737472,75004
2823111,420820
-4073004,123781
-1843124,211198
-4117333,122244
4338926,475265
-4428077,111922
-2636302,177869
-5941927,70023
2039975,388243
-7876482,34434
-2266726,193009
2088722,390313
-3102016,159281
-4549030,107998
2179523,394149
-3660239,138244
-1633873,220333
-11619294,6094
-8410829,27750
2609997,412293
-5962392,69519
-1242584,237959
-3058649,160941
-4919744,96778
801702,332773
550713,320996
2824824,420882
-4967192,95402
-5101040,91556
-2335010,190107
-4986141,94850
-5319344,85656
-2912382,166752
-3327747,150497
890557,336857
